,s_score,Hits,max_feat,avg_feat,max_centr,min_centr,avg_centr,features,all_same,hyd_prop,don_prop,catdon_prop,hydaro_prop,aniacc_prop,clusters,Receptor,hits_actual,Score Type,subset,match_features,quality_pred
0,1.5527691878999286,0.9176629354822472,0.19215466717770535,0.4524550480509925,0.605284976657817,0.4359278384999344,0.9661851368012268,0.0,-0.22941573387056183,2.0335576066987207,0.23973168129607733,-0.8792968506025423,-0.7145446294175528,0.0,0,GPR37,5,dE(class),ef,6,1
2,0.8104649349370601,0.6308932681440449,-0.010452398563104384,0.39229432329296443,0.605284976657817,-1.753278071918069,-0.7268837835705179,0.0,-0.22941573387056183,0.887891409833528,0.23973168129607733,-0.8792968506025423,0.38475481229421415,0.0,0,GPR37,4,dU(class),ef,6,1
4,0.3393873812689304,0.34412360080584264,0.30886281526733017,0.8974895645017337,0.605284976657817,0.4359278384999344,0.9805030400936094,0.0,-0.22941573387056183,0.887891409833528,0.23973168129607733,-0.47961645124792013,0.38475481229421415,0.0,0,GPR37,3,dE(class),gh,6,1
12,0.43449688887885246,-0.516185401208764,1.3202071088436942,0.5101170803479259,0.6345365793080406,1.3465938198609217,2.363602214442416,0.0,-0.22941573387056183,0.31505817105681494,-0.7191949633383979,-0.47961645124792013,-0.7145446294175528,0.0,0,GPR37,0,dE(class),rec_ef,6,1
14,1.0258795528282458,-0.516185401208764,1.3126705400634782,1.3604111522734204,0.5679559303071388,1.2618562976909657,1.4689687575464818,0.0,-0.22941573387056183,0.887891409833528,-0.7191949633383979,-0.8792968506025423,-0.7145446294175528,0.0,0,GPR37,0,dU(class),rec_ef,6,1
16,0.13231184359081352,-0.516185401208764,1.5586540091423151,1.6307419008349235,0.618431247689441,0.6255368360599233,1.0837833648642226,0.0,-0.22941573387056183,0.31505817105681494,-0.7191949633383979,0.3197442915060712,-0.7145446294175528,0.0,0,GPR37,0,dE(class),rec_gh,6,1
17,0.062474819392939876,-0.516185401208764,1.249371347395563,1.116749400681413,0.9556361727043686,-0.9132736107728548,-0.0276827098689522,0.0,-0.22941573387056183,-0.2577749073266218,-0.7191949633383979,-0.47961645124792013,-0.7145446294175528,0.0,0,GPR37,0,dE,rec_gh,6,1
18,-0.1831734170908925,-0.516185401208764,1.0541330992351372,0.7671833069006092,0.605284976657817,-1.753278071918069,0.0361878333152788,0.0,-0.22941573387056183,0.887891409833528,-0.7191949633383979,-0.47961645124792013,-0.7145446294175528,0.0,0,GPR37,0,dU(class),rec_gh,6,1
