,s_score,Hits,max_feat,avg_feat,max_centr,min_centr,avg_centr,features,all_same,hyd_prop,don_prop,catdon_prop,hydaro_prop,aniacc_prop,clusters,Receptor,hits_actual,Score Type,subset,match_features,quality_pred
12,0.43449688887885246,-0.7265438516342054,1.3202071088436942,0.5101170803479259,0.6345365793080406,1.3465938198609217,2.363602214442416,0.0,-0.22941573387056183,0.31505817105681494,-0.7191949633383979,-0.47961645124792013,-0.7145446294175528,0.0,0,GPR37,2,dE(class),rec_ef,5,1
16,0.13231184359081352,-0.7510478601210251,1.5586540091423151,1.6307419008349235,0.618431247689441,0.6255368360599233,1.0837833648642226,0.0,-0.22941573387056183,0.31505817105681494,-0.7191949633383979,0.3197442915060712,-0.7145446294175528,0.0,0,GPR37,1,dE(class),rec_gh,5,1
